{"data_time": 0.006058352999843919, "eta_seconds": 11.307545309996385, "fast_rcnn/cls_accuracy": 0.771484375, "fast_rcnn/false_negative": 1.0, "fast_rcnn/fg_cls_accuracy": 0.0, "iteration": 19, "loss_box_reg": 0.7414695024490356, "loss_cls": 1.0040389895439148, "loss_rpn_cls": 0.003817096003331244, "loss_rpn_loc": 0.003949063015170395, "lr": 0.00095155, "roi_head/num_bg_samples": 104.25, "roi_head/num_fg_samples": 23.75, "rpn/num_neg_anchors": 249.5, "rpn/num_pos_anchors": 6.5, "time": 0.3769181769998795, "total_loss": 1.8902098712860607}
{"data_time": 0.006674198499922568, "eta_seconds": 3.668901990000677, "fast_rcnn/cls_accuracy": 0.79296875, "fast_rcnn/false_negative": 0.6312709030100334, "fast_rcnn/fg_cls_accuracy": 0.017246506095747842, "iteration": 39, "loss_box_reg": 0.7984022498130798, "loss_cls": 0.5476750135421753, "loss_rpn_cls": 0.0014468784793280065, "loss_rpn_loc": 0.0033379478845745325, "lr": 0.0019505500000000001, "roi_head/num_bg_samples": 101.0, "roi_head/num_fg_samples": 27.0, "rpn/num_neg_anchors": 251.25, "rpn/num_pos_anchors": 4.75, "time": 0.36575453949990333, "total_loss": 1.3470864291793987}
{"data_time": 0.006749210999942079, "eta_seconds": 0.0, "fast_rcnn/cls_accuracy": 0.794921875, "fast_rcnn/false_negative": 0.4907407407407407, "fast_rcnn/fg_cls_accuracy": 0.09935897435897437, "iteration": 49, "loss_box_reg": 0.6628925800323486, "loss_cls": 0.4916122704744339, "loss_rpn_cls": 0.0007081500079948455, "loss_rpn_loc": 0.004864749498665333, "lr": 0.00245005, "roi_head/num_bg_samples": 101.0, "roi_head/num_fg_samples": 27.0, "rpn/num_neg_anchors": 250.5, "rpn/num_pos_anchors": 5.5, "time": 0.36961080250011946, "total_loss": 1.1669048795592971}
